"Algo","Makespan","TotalCost","Utilization","Imbalance"
"RR","3890.29","33.66","0.7925","0.19"
"PSO","3625.28","34.01","0.8511","0.22"
"RL","3095.709166666665","34.15173670833333","0.9442599626920885","0.02912146625377928"
