"Algo","Makespan","TotalCost","Utilization","Imbalance"
"RR","11294.99","107.09","0.8441","0.18"
"PSO","10972.49","106.24","0.8622","0.13"
"RL","10683.616250000001","106.22089600000007","0.8258044544504194","0.09521599975127788"
